{
	"pattrstorage" : 	{
		"name" : "rbfihelp",
		"slots" : 		{
			"1" : 			{
				"id" : 1,
				"data" : 				{
					"dial" : [ 51 ],
					"slider" : [ 81 ],
					"number" : [ 35 ],
					"flonum" : [ 18.0 ],
					"function" : [ 1000.0, 0.0, 1.0, 0.0, 0.818182, 0, 172.932327, 0.545455, 0, 383.458649, 0.872727, 0, 1000.0, 0.527273, 0 ]
				}

			}
,
			"2" : 			{
				"id" : 2,
				"data" : 				{
					"dial" : [ 29 ],
					"slider" : [ 25 ],
					"number" : [ 93 ],
					"flonum" : [ -68.0 ],
					"function" : [ 1000.0, 0.0, 1.0, 0.0, 0.381818, 0, 789.473694, 0.927273, 0, 962.406006, 0.2, 0, 1000.0, 0.527273, 0 ]
				}

			}
,
			"3" : 			{
				"id" : 3,
				"data" : 				{
					"dial" : [ 107 ],
					"slider" : [ 76 ],
					"number" : [ 235 ],
					"flonum" : [ 22.540001 ],
					"function" : [ 1000.0, 0.0, 1.0, 0.0, 0.381818, 0, 105.263161, 0.909091, 0, 263.157898, 1.0, 0, 1000.0, 0.527273, 0 ]
				}

			}
,
			"4" : 			{
				"id" : 4,
				"data" : 				{
					"dial" : [ 38 ],
					"slider" : [ 36 ],
					"number" : [ 0 ],
					"flonum" : [ -49.200001 ],
					"function" : [ 1000.0, 0.0, 1.0, 0.0, 0.381818, 0, 330.827057, 0.0, 0, 917.293213, 0.054545, 0, 1000.0, 0.527273, 0 ]
				}

			}

		}

	}

}
